DEC Part,EIA Part,Module,
1N2071,1N2071,G854
1N2970,,5409730
1N3020,1N3020,A607
1N3039,1N3039,W682
1N3156,1N3156,A404
1N3156,1N3156,A811
1N3208,1N3208,703PS
1N3212,1N3212,739PS
1N3499,1N3499,A704
1N3785,1N3785,G817
1N3880,1N3880,G912
1N4001,1N4001,5409730
1N4001,1N4001,844PC
1N4001,1N4001,G848
1N4001,1N4001,M7670
1N4001,1N4001,M890
1N4002,1N4002,5409730
1N4003,1N4003,G850
1N4004,1N4004,G817
1N4004,1N4004,G818
1N4004,1N4004,G838
1N4004,1N4004,W509
1N429,1N429,G008
1N429,1N429,G800
1N429,1N429,G816
1N4732,1N4732,B611
1N4733,1N4733,G822
1N4736,1N4736,B410
1N4736,1N4736,G854
1N4736,,G9341
1N4744,1N4744,H744
1N4757,1N4757,W682
1N4997,1N4997,G848C
1N5231,1N5231,G817
1N5231,1N5231,G818
1N5231,,5409730
1N5353,,5409730
1N5624,1N5624,G847E
1N745,1N745,G060
1N746,1N746,M514
1N746,1N746,M5940
1N746,1N746,W726
1N746,,5409730
1N746,,G9341
1N747,1N747,M7670
1N748,1N748,A222
1N748,1N748,A615
1N748,1N748,A708
1N748,1N748,G008
1N748,1N748,G821
1N748,1N748,G829
1N748,1N748,G831
1N748,1N748,G882
1N748,1N748,M515
1N748,1N748,R405
1N748,1N748,W106
1N750,1N750,846OP
1N750,1N750,A124
1N750,1N750,B360
1N750,1N750,B602
1N750,1N750,G810
1N750,1N750,G823
1N750,1N750,G932
1N750,1N750,K731
1N750,1N750,M515
1N750,1N750,M651
1N750,1N750,M660
1N750,1N750,M661
1N750,1N750,M7110
1N750,1N750,W612
1N750,1N750,W726
1N751,1N751,5409730
1N751,1N751,G085
1N751,1N751,G830
1N751,1N751,G838
1N751,1N751,H744
1N752,1N752,B683
1N752,1N752,G828
1N752,1N752,M241
1N752,1N752,M243
1N752,1N752,M503
1N753,1N753,A214
1N753,1N753,A225
1N753,1N753,B410
1N753,1N753,G020
1N753,1N753,G021
1N753,1N753,G060
1N753,1N753,G084
1N753,1N753,G822
1N753,1N753,G826
1N753,1N753,M663
1N753,1N753,W122
1N753,1N753,W507
1N753,1N753,W509
1N756,1N756,846OP
1N756,1N756,A133
1N756,1N756,A404
1N756,1N756,G023
1N756,1N756,G831
1N756,1N756,G882
1N756,1N756,G933
1N756,,G9341
1N758,1N758,A615
1N758,1N758,G823
1N758,1N758,G848M
1N758,1N758,G850
1N758,1N758,G853
1N758,1N758,G903
1N758,1N758,M420
1N758,1N758,M715E
1N762,1N762,G008
1N823,1N823,G230
1N823,1N823,W507
1N825,1N825,A607
1N942,1N942,A615
1N964,1N964,H744
1N964,1N964,W505
1N964A,1N964A,G918
1N967,1N967,H745
2N1305,2N1305,A601
2N1308,2N1308,5409730
2N2219,2N2219,5408124
2N2646,2N2646,G850
2N2894,NONE,B171
2N2894,NONE,B204
2N2904,2N2904,G350
2N2904,2N2904,G800
2N2904,2N2904,G821
2N3009,2N3009,B360
2N3009,2N3009,B685
2N3009,2N3009,R405
2N3009,2N3009,R450
2N3009,2N3009,R451
2N3055,2N3055,A708
2N3055,2N3055,K732
2N3055,NONE,G821
2N3109,2N3109,5409730
2N3444,NONE,G912
2N3568,2N3568,A124
2N3568,2N3568,G828
2N3605,2N3605,B301
2N3605,2N3605,R303
2N3605,2N3605,W513
2N3646,2N3009,G918
2N3715,2N3715,G810
2N3715,2N3715,K731
2N3715,NONE,G847
2N3715,NONE,G912
2N3716,2N3716,739PS
2N3734,NONE,G102
2N3790,2N3790,G023
2N3790,2N3790,G805
2N3791,2N3791,G848
2N4234,2N4234,G810
2N4235,2N4235,A811
2N4250,2N4250,A708
2N4250,NONE,A404
2N4250,NONE,G590
2N4250,NONE,M503
2N4258,2N4258,B133
2N4258,2N4258,B134
2N4258,2N4258,B135
2N4258,2N4258,B136
2N4258,2N4258,B137
2N4258,2N4258,B141
2N4258,2N4258,B152
2N4258,2N4258,B156
2N4258,2N4258,B163
2N4258,2N4258,B165
2N4258,2N4258,B166
2N4258,2N4258,B167
2N4258,2N4258,B168
2N4258,2N4258,B169
2N4258,2N4258,B172
2N4258,2N4258,B211
2N4258,2N4258,B214
2N4258,2N4258,B685
2N4258,2N4258,G290
2N4258,2N4258,M405
2N4258,2N4258,W507
2N4258,2N4258,W514
2N4258,2N4258,W693
2N4258,NONE,G085
2N4258,NONE,M420
2N4274,2N4274,B410
2N4274,2N4274,M302
2N4274,2N4274,M401
2N4274,NONE,M405
2N4274,NONE,M420
2N4313,NONE,M711
2N4441,2N4441,G828
2N4441,2N4441,G829
2N4441,NONE,G822
2N4443,2N4443,G850
2N4920,2N4920,A225
2N4920,2N4920,G848
2N4923,2N4923,G848
2N4923,2N4923,G859
2N4923,NONE,G847C
2N5003,NONE,G912
2N5088,NONE,M307
2N5163,2N5163,A133
2N5163,NONE,A404
2N5163,,G831
2N5245,NONE,A131
2N5245,NONE,A214
2N5302,2N5302,H745
2N5302,,H744
2N6028,,H744
2N6028,,H745
A15B,GE-A15B,G933
AZ1,,M564
AZ5,1N4370,M3070
AZ5,1N4370,M308
D003,1N994,A601
D003,1N994,A615
D003,1N994,M308
D003,1N994,M514
D003,1N994,M768
D003,1N994,M769
D003,1N994,W106
D003,1N994,W726
D45C8,,G933
D45H8,,H744
D45H8,,H745
D600,1N4003,A615
D600,1N4009,K003
D600,1N4009,K026
D600,1N4009,K113
D600,1N4009,K138
D600,1N4009,K271
D600,1N4009,K303
D600,1N4009,K522
D600,1N4009,K614
D600,1N4009,K731
D600,1N4009,M711
D662,1N3606,M969
D662,1N645,A404
D662,1N645,A601
D662,1N645,A704
D662,1N645,A811
D662,1N645,B104
D662,1N645,B105
D662,1N645,B113
D662,1N645,B115
D662,1N645,B117
D662,1N645,B130
D662,1N645,B133
D662,1N645,B134
D662,1N645,B135
D662,1N645,B136
D662,1N645,B137
D662,1N645,B138
D662,1N645,B141
D662,1N645,B142
D662,1N645,B152
D662,1N645,B156
D662,1N645,B163
D662,1N645,B165
D662,1N645,B166
D662,1N645,B167
D662,1N645,B168
D662,1N645,B169
D662,1N645,B171
D662,1N645,B172
D662,1N645,B173
D662,1N645,B204
D662,1N645,B211
D662,1N645,B212
D662,1N645,B213
D662,1N645,B214
D662,1N645,B301
D662,1N645,B311
D662,1N645,B312
D662,1N645,B360
D662,1N645,B410
D662,1N645,B602
D662,1N645,B611
D662,1N645,B681
D662,1N645,B683
D662,1N645,B684
D662,1N645,B685
D662,1N645,G005
D662,1N645,G008
D662,1N645,G010
D662,1N645,G020
D662,1N645,G021
D662,1N645,G060
D662,1N645,G084
D662,1N645,G085
D662,1N645,G100
D662,1N645,G206
D662,1N645,G207
D662,1N645,G212
D662,1N645,G217
D662,1N645,G219
D662,1N645,G221
D662,1N645,G222
D662,1N645,G230
D662,1N645,G285
D662,1N645,G286
D662,1N645,G287
D662,1N645,G290
D662,1N645,G590
D662,1N645,G7000
D662,1N645,G7001
D662,1N645,G7003
D662,1N645,G7004
D662,1N645,G7005
D662,1N645,G7006
D662,1N645,G704
D662,1N645,G795
D662,1N645,G796
D662,1N645,G800
D662,1N645,G810
D662,1N645,G816
D662,1N645,G822
D662,1N645,G823
D662,1N645,G826
D662,1N645,G828
D662,1N645,G831
D662,1N645,G850
D662,1N645,G882
D662,1N645,G888
D662,1N645,G903
D662,1N645,G912
D662,1N645,G913
D662,1N645,G917
D662,1N645,K731
D662,1N645,M040
D662,1N645,M100
D662,1N645,M126
D662,1N645,M130
D662,1N645,M166
D662,1N645,M222
D662,1N645,M241
D662,1N645,M243
D662,1N645,M247
D662,1N645,M302
D662,1N645,M3070
D662,1N645,M310
D662,1N645,M362
D662,1N645,M363
D662,1N645,M401
D662,1N645,M402
D662,1N645,M405
D662,1N645,M420
D662,1N645,M452
D662,1N645,M500
D662,1N645,M502
D662,1N645,M506
D662,1N645,M507
D662,1N645,M508
D662,1N645,M516
D662,1N645,M517
D662,1N645,M564
D662,1N645,M565
D662,1N645,M592
D662,1N645,M602
D662,1N645,M603
D662,1N645,M606
D662,1N645,M632
D662,1N645,M650
D662,1N645,M651
D662,1N645,M663
D662,1N645,M664
D662,1N645,M665
D662,1N645,M666
D662,1N645,M707
D662,1N645,M7110
D662,1N645,M715B
D662,1N645,M750
D662,1N645,M753
D662,1N645,M906
D662,1N645,M931
D662,1N645,M950
D662,1N645,M952
D662,1N645,R107
D662,1N645,R111
D662,1N645,R113
D662,1N645,R121
D662,1N645,R123
D662,1N645,R141
D662,1N645,R151
D662,1N645,R181
D662,1N645,R202
D662,1N645,R220
D662,1N645,R302
D662,1N645,R303
D662,1N645,R401
D662,1N645,R405
D662,1N645,R450
D662,1N645,R451
D662,1N645,R601
D662,1N645,R602
D662,1N645,R613
D662,1N645,S107
D662,1N645,S111
D662,1N645,S151
D662,1N645,S181
D662,1N645,S202
D662,1N645,S203
D662,1N645,S205
D662,1N645,S602
D662,1N645,S603
D662,1N645,W002
D662,1N645,W005
D662,1N645,W010
D662,1N645,W051
D662,1N645,W101
D662,1N645,W102
D662,1N645,W106
D662,1N645,W107
D662,1N645,W122
D662,1N645,W132
D662,1N645,W300
D662,1N645,W301
D662,1N645,W501
D662,1N645,W504
D662,1N645,W507
D662,1N645,W510
D662,1N645,W511
D662,1N645,W512
D662,1N645,W513
D662,1N645,W514
D662,1N645,W519
D662,1N645,W520
D662,1N645,W533
D662,1N645,W591
D662,1N645,W592
D662,1N645,W600
D662,1N645,W602
D662,1N645,W607
D662,1N645,W612
D662,1N645,W681
D662,1N645,W682
D662,1N645,W692
D662,1N645,W693
D662,1N645,W700
D662,1N645,W800
D662,1N645,W808
D662,1N645,W841
D662,1N645,W850
D662,1N645,W851
D664,1N3606,5408124
D664,1N3606,5409730
D664,1N3606,836PC
D664,1N3606,846OP
D664,1N3606,A124
D664,1N3606,A131
D664,1N3606,A133
D664,1N3606,A214
D664,1N3606,A215
D664,1N3606,A222
D664,1N3606,A225
D664,1N3606,A404
D664,1N3606,A607
D664,1N3606,A811
D664,1N3606,B104
D664,1N3606,B105
D664,1N3606,B113
D664,1N3606,B115
D664,1N3606,B117
D664,1N3606,B130
D664,1N3606,B133
D664,1N3606,B134
D664,1N3606,B135
D664,1N3606,B136
D664,1N3606,B137
D664,1N3606,B138
D664,1N3606,B141
D664,1N3606,B142
D664,1N3606,B152
D664,1N3606,B156
D664,1N3606,B163
D664,1N3606,B165
D664,1N3606,B166
D664,1N3606,B167
D664,1N3606,B168
D664,1N3606,B169
D664,1N3606,B171
D664,1N3606,B172
D664,1N3606,B173
D664,1N3606,B204
D664,1N3606,B211
D664,1N3606,B212
D664,1N3606,B213
D664,1N3606,B214
D664,1N3606,B250
D664,1N3606,B301
D664,1N3606,B311
D664,1N3606,B312
D664,1N3606,B360
D664,1N3606,B410
D664,1N3606,B602
D664,1N3606,B611
D664,1N3606,B681
D664,1N3606,B683
D664,1N3606,B684
D664,1N3606,B685
D664,1N3606,G005
D664,1N3606,G020
D664,1N3606,G021
D664,1N3606,G022
D664,1N3606,G050
D664,1N3606,G060
D664,1N3606,G062
D664,1N3606,G064
D664,1N3606,G084
D664,1N3606,G085
D664,1N3606,G100
D664,1N3606,G102
D664,1N3606,G103
D664,1N3606,G206
D664,1N3606,G207
D664,1N3606,G212
D664,1N3606,G217
D664,1N3606,G219
D664,1N3606,G223
D664,1N3606,G226
D664,1N3606,G228
D664,1N3606,G230
D664,1N3606,G285
D664,1N3606,G286
D664,1N3606,G287
D664,1N3606,G290
D664,1N3606,G350
D664,1N3606,G589
D664,1N3606,G590
D664,1N3606,G7000
D664,1N3606,G7001
D664,1N3606,G704
D664,1N3606,G793
D664,1N3606,G795
D664,1N3606,G796
D664,1N3606,G800
D664,1N3606,G810
D664,1N3606,G816
D664,1N3606,G821
D664,1N3606,G822
D664,1N3606,G823
D664,1N3606,G824
D664,1N3606,G826
D664,1N3606,G827
D664,1N3606,G828
D664,1N3606,G829
D664,1N3606,G831
D664,1N3606,G850
D664,1N3606,G853
D664,1N3606,G858
D664,1N3606,G859
D664,1N3606,G882
D664,1N3606,G888
D664,1N3606,G903
D664,1N3606,G912
D664,1N3606,G913
D664,1N3606,G916
D664,1N3606,G917
D664,1N3606,G918
D664,1N3606,G932
D664,1N3606,G933
D664,1N3606,G9340
D664,1N3606,H744
D664,1N3606,H745
D664,1N3606,M044
D664,1N3606,M050
D664,1N3606,M051
D664,1N3606,M100
D664,1N3606,M101
D664,1N3606,M103
D664,1N3606,M126
D664,1N3606,M130
D664,1N3606,M241
D664,1N3606,M243
D664,1N3606,M247
D664,1N3606,M302
D664,1N3606,M304
D664,1N3606,M308
D664,1N3606,M310
D664,1N3606,M360
D664,1N3606,M401
D664,1N3606,M402
D664,1N3606,M405
D664,1N3606,M410
D664,1N3606,M420
D664,1N3606,M452
D664,1N3606,M500
D664,1N3606,M501
D664,1N3606,M502
D664,1N3606,M503
D664,1N3606,M506
D664,1N3606,M507
D664,1N3606,M508
D664,1N3606,M510
D664,1N3606,M515
D664,1N3606,M516
D664,1N3606,M517
D664,1N3606,M531
D664,1N3606,M564
D664,1N3606,M565
D664,1N3606,M592
D664,1N3606,M602
D664,1N3606,M603
D664,1N3606,M606
D664,1N3606,M623
D664,1N3606,M632
D664,1N3606,M650
D664,1N3606,M651
D664,1N3606,M660
D664,1N3606,M661
D664,1N3606,M663
D664,1N3606,M664
D664,1N3606,M665
D664,1N3606,M666
D664,1N3606,M700
D664,1N3606,M703
D664,1N3606,M704
D664,1N3606,M7050
D664,1N3606,M706
D664,1N3606,M709
D664,1N3606,M710
D664,1N3606,M7110
D664,1N3606,M714
D664,1N3606,M715
D664,1N3606,M716
D664,1N3606,M717
D664,1N3606,M720
D664,1N3606,M750
D664,1N3606,M760
D664,1N3606,M763
D664,1N3606,M768
D664,1N3606,M850
D664,1N3606,M870
D664,1N3606,M890
D664,1N3606,M906
D664,1N3606,M907
D664,1N3606,R002
D664,1N3606,R107
D664,1N3606,R111
D664,1N3606,R113
D664,1N3606,R121
D664,1N3606,R123
D664,1N3606,R141
D664,1N3606,R151
D664,1N3606,R181
D664,1N3606,R202
D664,1N3606,R220
D664,1N3606,R302
D664,1N3606,R303
D664,1N3606,R401
D664,1N3606,R405
D664,1N3606,R450
D664,1N3606,R451
D664,1N3606,R601
D664,1N3606,R602
D664,1N3606,R613
D664,1N3606,S107
D664,1N3606,S111
D664,1N3606,S151
D664,1N3606,S181
D664,1N3606,S202
D664,1N3606,S203
D664,1N3606,S205
D664,1N3606,S602
D664,1N3606,S603
D664,1N3606,W002
D664,1N3606,W005
D664,1N3606,W010
D664,1N3606,W051
D664,1N3606,W101
D664,1N3606,W102
D664,1N3606,W106
D664,1N3606,W107
D664,1N3606,W122
D664,1N3606,W132
D664,1N3606,W300
D664,1N3606,W301
D664,1N3606,W500
D664,1N3606,W501
D664,1N3606,W504
D664,1N3606,W505
D664,1N3606,W507
D664,1N3606,W510
D664,1N3606,W511
D664,1N3606,W512
D664,1N3606,W513
D664,1N3606,W514
D664,1N3606,W519
D664,1N3606,W520
D664,1N3606,W533
D664,1N3606,W591
D664,1N3606,W592
D664,1N3606,W600
D664,1N3606,W602
D664,1N3606,W603
D664,1N3606,W607
D664,1N3606,W612
D664,1N3606,W640
D664,1N3606,W681
D664,1N3606,W682
D664,1N3606,W692
D664,1N3606,W693
D664,1N3606,W700
D664,1N3606,W701
D664,1N3606,W706
D664,1N3606,W800
D664,1N3606,W808
D664,1N3606,W841
D664,1N3606,W850
D664,1N3606,W851
D664,1N645,M705
D664,1N645,W040
D668,2*1N3606,B138,Two in series
D668,2*1N3606,G226,Two in series
D668,2*1N3606,G830,Two in series
D668,2*1N3606,M666,Two in series
D668,2*1N3606,W509,Two in series
D668,2*1N3606,W706,Two in series
D668,2*1N3606,W707,Two in series
D668,2*1N3606,W708,Two in series
D670,1N3653,G206
D670,1N3653,G212
D670,1N3653,G681
D670,1N3653,G800
D670,1N3653,G858
D670,1N3653,G882
D670,1N3653,G888
D670,1N3653,M717
D670,1N3653,M850
D670,1N3653,W507
D670,1N3653,W511
D670,1N3653,W681
D670,1N3653,W682
D671,1N3653,G626
D671,1N3653,G816
D671,1N3653,G823
D671,1N3653,G826
D671,1N3653,G912
D671,1N3653,W014
D671,1N3653,W076
D671,1N3653,W078
D672,1N3653,G085
D672,1N3653,G100
D672,1N3653,G102
D672,1N3653,G217
D672,1N3653,G219
D672,1N3653,G221
D672,1N3653,G222
D672,1N3653,G226
D672,1N3653,G228
D672,1N3653,G230
D672,1N3653,G287
D672,1N3653,G610,1N4149 works
D672,1N3653,G611,1N4149 works
D672,1N3653,G821
D672,1N3653,G847
D672,1N3653,G848
D672,1N3653,G932
D672,1N3653,G933
D672,1N3653,G9341
D672,1N3653,K614
D672,1N3653,K683
D672,1N3653,M5940
D672,1N3653,M7110
D672,1N3656,G613,1N4149?
D672,1N3656,G614,1N4149?
D752,,G848M
DEC-1,2N3721,K113
DEC-1,2N3721,K271
DEC-1,2N3721,K303
DEC-1,2N3721,K522
DEC-1,2N3721,K683
DEC-1,2N3721,K731
DEC-10,NONE,G226
DEC1008,MM1008,G207
DEC1008,MM1008,G221
DEC1008,MM1008,G223
DEC1008,MM1008,G228
DEC1008,MM1008,G290
DEC1008,MM1008,G888
DEC1008,MM1008,K614
DEC1008,MM1008,M666
DEC1010,NONE,G206
DEC1010,,G212
DEC1011,NONE,G217
DEC1011,NONE,G219
DEC1520,,G050
DEC-2,2N3009,5408114
DEC-2,2N3009,5408124
DEC2007,NONE,G103
DEC2007,,G102
DEC2008,NONE,G100
DEC2219,2N2219,5409730
DEC2219,2N2219,A215
DEC2219,2N2219,A225
DEC2219,2N2219,A708
DEC2219,2N2219,B684
DEC2219,2N2219,G005
DEC2219,2N2219,G008
DEC2219,2N2219,G023
DEC2219,2N2219,G590
DEC2219,2N2219,G800
DEC2219,2N2219,G810
DEC2219,2N2219,G824
DEC2219,2N2219,G828
DEC2219,2N2219,G838
DEC2219,2N2219,G854
DEC2219,2N2219,G882E
DEC2219,2N2219,G932
DEC2219,2N2219,K271
DEC2219,2N2219,K303
DEC2219,2N2219,K732
DEC2219,2N2219,M241
DEC2219,2N2219,M243
DEC2219,2N2219,M7670
DEC2219,2N2219,R401
DEC2219,DEC2219,A404
DEC2219,DEC2219,A615
DEC2219,DEC2219,A704
DEC2894,NONE,B104
DEC2894,NONE,B105
DEC2894,NONE,B113
DEC2894,NONE,B115
DEC2894,NONE,B117
DEC2894,NONE,B130
DEC2894,NONE,B301
DEC2894,NONE,B360
DEC2894,NONE,B681
DEC2894,NONE,G005
DEC2894,NONE,G010
DEC2894,NONE,G206
DEC2894,NONE,G207
DEC2894,NONE,G212
DEC2894,NONE,G882
DEC2894,NONE,G903
DEC2894,NONE,G913
DEC2894,NONE,M507
DEC2894,NONE,M517
DEC2894,NONE,R401
DEC2894,NONE,R601
DEC2894,NONE,R602
DEC2894,NONE,R613
DEC2894,NONE,S602
DEC2894,NONE,S603
DEC2894,NONE,W101
DEC2894,NONE,W102
DEC2894,NONE,W300
DEC2894,NONE,W504
DEC2894,NONE,W505
DEC2894,NONE,W510
DEC2894,NONE,W511
DEC2894,NONE,W513
DEC2894,NONE,W607
DEC2894,,G800
DEC2904,2N1132,B311
DEC2904,2N1132,B683
DEC2904,2N1132,B684
DEC2904,2N1132,G050
DEC2904,2N1132,G838
DEC2904,2N1132,G918
DEC2904,2N2118,M663
DEC2904,2N2904,G221
DEC2904,2N2904,G822
DEC2904,2N2904,M514
DEC2904,,G9341
DEC2904,,K731
DEC3009,2N3009,A131
DEC3009,2N3009,A133
DEC3009,2N3009,A404
DEC3009,2N3009,A601
DEC3009,2N3009,A607
DEC3009,2N3009,A811
DEC3009,2N3009,B130
DEC3009,2N3009,B138
DEC3009,2N3009,B173
DEC3009,2N3009,B198
DEC3009,2N3009,B211
DEC3009,2N3009,B212
DEC3009,2N3009,B213
DEC3009,2N3009,B311
DEC3009,2N3009,B312
DEC3009,2N3009,B683
DEC3009,2N3009,G010
DEC3009,2N3009,G020
DEC3009,2N3009,G021
DEC3009,2N3009,G022
DEC3009,2N3009,G060
DEC3009,2N3009,G062
DEC3009,2N3009,G064
DEC3009,2N3009,G084
DEC3009,2N3009,G085
DEC3009,2N3009,G103
DEC3009,2N3009,G286
DEC3009,2N3009,G290
DEC3009,2N3009,G350
DEC3009,2N3009,G810
DEC3009,2N3009,G821
DEC3009,2N3009,G823
DEC3009,2N3009,G826
DEC3009,2N3009,G827
DEC3009,2N3009,G829
DEC3009,2N3009,G830
DEC3009,2N3009,G831
DEC3009,2N3009,G882
DEC3009,2N3009,G888
DEC3009,2N3009,G913
DEC3009,2N3009,G916
DEC3009,2N3009,M044
DEC3009,2N3009,M100
DEC3009,2N3009,M103
DEC3009,2N3009,M104
DEC3009,2N3009,M220
DEC3009,2N3009,M241
DEC3009,2N3009,M243
DEC3009,2N3009,M304
DEC3009,2N3009,M307
DEC3009,2N3009,M3070
DEC3009,2N3009,M308
DEC3009,2N3009,M310
DEC3009,2N3009,M321
DEC3009,2N3009,M360
DEC3009,2N3009,M363
DEC3009,2N3009,M401
DEC3009,2N3009,M402
DEC3009,2N3009,M410
DEC3009,2N3009,M452
DEC3009,2N3009,M500
DEC3009,2N3009,M501
DEC3009,2N3009,M502
DEC3009,2N3009,M503
DEC3009,2N3009,M506
DEC3009,2N3009,M507
DEC3009,2N3009,M508
DEC3009,2N3009,M510
DEC3009,2N3009,M514
DEC3009,2N3009,M517
DEC3009,2N3009,M531
DEC3009,2N3009,M564
DEC3009,2N3009,M592
DEC3009,2N3009,M602
DEC3009,2N3009,M606
DEC3009,2N3009,M621
DEC3009,2N3009,M622
DEC3009,2N3009,M623
DEC3009,2N3009,M628
DEC3009,2N3009,M650
DEC3009,2N3009,M651
DEC3009,2N3009,M660
DEC3009,2N3009,M661
DEC3009,2N3009,M663
DEC3009,2N3009,M665
DEC3009,2N3009,M700
DEC3009,2N3009,M703
DEC3009,2N3009,M704
DEC3009,2N3009,M706
DEC3009,2N3009,M707
DEC3009,2N3009,M711
DEC3009,2N3009,M7110
DEC3009,2N3009,M717
DEC3009,2N3009,M720
DEC3009,2N3009,M750
DEC3009,2N3009,M760
DEC3009,2N3009,M767
DEC3009,2N3009,M768
DEC3009,2N3009,M775
DEC3009,2N3009,M7820
DEC3009,2N3009,M850
DEC3009,2N3009,M870
DEC3009,2N3009,M890
DEC3009,2N3009,R141
DEC3009,2N3009,R302
DEC3009,2N3009,R303
DEC3009,2N3009,R401
DEC3009,2N3009,W102
DEC3009,2N3009,W106
DEC3009,2N3009,W122
DEC3009,2N3009,W300
DEC3009,2N3009,W301
DEC3009,2N3009,W500
DEC3009,2N3009,W501
DEC3009,2N3009,W504
DEC3009,2N3009,W505
DEC3009,2N3009,W511
DEC3009,2N3009,W519
DEC3009,2N3009,W520
DEC3009,2N3009,W533
DEC3009,2N3009,W591
DEC3009,2N3009,W602
DEC3009,2N3009,W603
DEC3009,2N3009,W612
DEC3009,2N3009,W692
DEC3009,2N3009,W693
DEC3494,2N3494,W040
DEC3494,,M040
DEC3500,2N3500,G287
DEC3500,2N3500,G882C
DEC3500,2N3500,W682
DEC3563,2N3563,G005
DEC3568,2N3568,G816
DEC3568,2N3568,G826
DEC3568,2N3568,G903
DEC3568,2N3568,K683
DEC3568,2N3568,W532
DEC3634,2N3634,G800
DEC3638,2N3638,G882
DEC3638,2N3638,W841
DEC3638,2N3638,W851
DEC3639,2N3639,B138
DEC3639,2N3639,B142
DEC3639,2N3639,B213
DEC3639,2N3639,B311
DEC3639,2N3639,B312
DEC3639,2N3639,G100
DEC3639,2N3639,G816
DEC3639,2N3639,G831
DEC3639,2N3639,G903
DEC3639,2N3639,G913
DEC3639,2N3639,M051
DEC3639,2N3639,M302
DEC3639,2N3639,M402
DEC3639,2N3639,M502
DEC3639,2N3639,M602
DEC3639,2N3639,M632
DEC3639,2N3639,M711
DEC3639,2N3639,M767
DEC3639,2N3639,M768
DEC3639,2N3639,M769
DEC3639,2N3639,R107
DEC3639,2N3639,R111
DEC3639,2N3639,R113
DEC3639,2N3639,R121
DEC3639,2N3639,R123
DEC3639,2N3639,R141
DEC3639,2N3639,R151
DEC3639,2N3639,R181
DEC3639,2N3639,R201
DEC3639,2N3639,R202
DEC3639,2N3639,R220
DEC3639,2N3639,R302
DEC3639,2N3639,R303
DEC3639,2N3639,R401
DEC3639,2N3639,R405
DEC3639,2N3639,R450
DEC3639,2N3639,R451
DEC3639,2N3639,R601
DEC3639,2N3639,R602
DEC3639,2N3639,R613
DEC3639,2N3639,S107
DEC3639,2N3639,S111
DEC3639,2N3639,S151
DEC3639,2N3639,S181
DEC3639,2N3639,S202
DEC3639,2N3639,S203
DEC3639,2N3639,S205
DEC3639,2N3639,S602
DEC3639,2N3639,S603
DEC3639,2N3639,W102
DEC3639,2N3639,W107
DEC3639,2N3639,W301
DEC3639,2N3639,W512
DEC3639,2N3639,W520
DEC3639,2N3639,W533
DEC3639,2N3639,W592
DEC3639,2N3639,W612
DEC3639,2N3639,W640
DEC3639,2N3639,W681
DEC3639,NONE,B301
DEC3639,NONE,B611
DEC3646,NONE,W681
DEC3715,2N3715,G828
DEC3715,2N3715,G830
DEC3715,2N3715,G848
DEC3715,2N3715,G933
DEC3715,NONE,G824
DEC3762,NONE,G103
DEC3762,,G230
DEC3762,,M564
DEC3790,2N3790,G816
DEC3790,2N3790,G822
DEC3790,2N3790,G823
DEC3790,2N3790,G825
DEC3790,2N3790,G826
DEC3790,2N3790,G933
DEC3790,2N3790,M040
DEC3790,2N3790,W040
DEC3791,,G9341
DEC3868,2N3638,G850
DEC4250,2N4250,M3070
DEC4250,2N4250,M402
DEC4256,2N4256,M308
DEC4258,2N4258,B173
DEC4258,2N4258,B410
DEC4258,2N4258,B683
DEC4258,2N4258,G230
DEC4258,2N4258,M363
DEC4258,2N4258,M401
DEC4258,2N4258,M501
DEC4258,2N4258,M565
DEC4258,2N4258,M592
DEC4258,2N4258,M603
DEC4258,2N4258,M663
DEC4258,2N4258,M664
DEC4258,2N4258,W106
DEC4258,2N4258,W591
DEC4258,NONE,W122
DEC4274,2N4274,M565
DEC4502,,G933
DEC4920,,M890
DEC-6,NONE,A601
DEC-6,NONE,A607
DEC-6,NONE,A811
DEC-6,NONE,B301
DEC-6,NONE,B360
DEC-6,NONE,B602
DEC-6,NONE,B611
DEC-6,NONE,B684
DEC-6,NONE,G022
DEC-6,NONE,G217
DEC-6,NONE,M503
DEC-6,NONE,M706
DEC-6,NONE,W300
DEC-6,NONE,W520
DEC-6,NONE,W600
DEC-6,NONE,W607
DEC-6,NONE,A607
DEC6531,MPS6531,G062
DEC6531,MPS6531,G831
DEC6531,MPS6531,G859
DEC6531,MPS6531,G932
DEC6531,MPS6531,G933
DEC6531,MPS6531,G9340
DEC6531,MPS6531,G9341
DEC6531,MPS6531,K138
DEC6531,MPS6531,M664
DEC6531,MPS6531,M7050
DEC6531,MPS6531,M715
DEC6531,MPS6531,M890
DEC6531,MPS6531,M947
DEC6531,MPS6531,M949
DEC6531,NONE,G858
DEC6534,DEC6534,A704
DEC6534,MPS6534,A131
DEC6534,MPS6534,A133
DEC6534,MPS6534,A404
DEC6534,MPS6534,A607
DEC6534,MPS6534,A615
DEC6534,MPS6534,A811
DEC6534,MPS6534,G060
DEC6534,MPS6534,G062
DEC6534,MPS6534,G064
DEC6534,MPS6534,G084
DEC6534,MPS6534,G085
DEC6534,MPS6534,G100
DEC6534,MPS6534,G222
DEC6534,MPS6534,G285
DEC6534,MPS6534,G286
DEC6534,MPS6534,G287
DEC6534,MPS6534,G290
DEC6534,MPS6534,G590
DEC6534,MPS6534,G816
DEC6534,MPS6534,G821
DEC6534,MPS6534,G822
DEC6534,MPS6534,G823
DEC6534,MPS6534,G824
DEC6534,MPS6534,G826
DEC6534,MPS6534,G827
DEC6534,MPS6534,G828
DEC6534,MPS6534,G829
DEC6534,MPS6534,G830
DEC6534,MPS6534,G831
DEC6534,MPS6534,G847C
DEC6534,MPS6534,G848C
DEC6534,MPS6534,G858
DEC6534,MPS6534,G859
DEC6534,MPS6534,G888
DEC6534,MPS6534,G913
DEC6534,MPS6534,G916
DEC6534,MPS6534,G932
DEC6534,MPS6534,G9341
DEC6534,MPS6534,K271
DEC6534,MPS6534,K303
DEC6534,MPS6534,K522
DEC6534,MPS6534,K614
DEC6534,MPS6534,K731
DEC6534,MPS6534,K732
DEC6534,MPS6534,M040
DEC6534,MPS6534,M044
DEC6534,MPS6534,M050
DEC6534,MPS6534,M100
DEC6534,MPS6534,M310
DEC6534,MPS6534,M360
DEC6534,MPS6534,M401
DEC6534,MPS6534,M402
DEC6534,MPS6534,M410
DEC6534,MPS6534,M452
DEC6534,MPS6534,M514
DEC6534,MPS6534,M515
DEC6534,MPS6534,M564
DEC6534,MPS6534,M650
DEC6534,MPS6534,M651
DEC6534,MPS6534,M664
DEC6534,MPS6534,M665
DEC6534,MPS6534,M700
DEC6534,MPS6534,M703
DEC6534,MPS6534,M704
DEC6534,MPS6534,M707
DEC6534,MPS6534,M715
DEC6534,MPS6534,M717
DEC6534,MPS6534,M7670
DEC6534,MPS6534,M768
DEC6534,MPS6534,M850
DEC6534,MPS6534,M948
DEC6534,MPS6534,M950
DEC6534,MPS6534,W051
DEC6534,MPS6534,W076
DEC6534,MPS6534,W078
DEC6534,MPS6534,W106
DEC6534,MPS6534,W250
DEC6534,MPS6534,W532
DEC6534,MPS6534,W533
DEC6534,MPS6534,W602
DEC6534,MPS6534,W640
DEC6534,MPS6534,W706
DEC6534,MPS6534,W707
DEC6534,MPS6534,W708
DEC6534,MPS6534,W800
DEC6534,MPS6534,W808
DEC6534,MPS6534,W841
DEC6534,MPS6534,W851
DEC6534,NONE,A124
DEC6534,NONE,G050
DEC6534,NONE,G810
DEC6534,NONE,M710
DEC802,,G933
DEC999,MM999,G008
DEC999,MM999,W500
DEC999,MM999,W501
DEC999,MM999,W681
DEC-SF2507,SF2507,G800
DM1,,704PS
DM1,,705PS
DM15,,705PS
DM2,SDA10102,704PS
DM9,,778PS
FD777,FD777,B138
FD777,FD777,B212
FD777,FD777,M321
FD777,FD777,M362
FD777,FD777,M565
FD777,FD777,M665
FD777,NONE,M363
M2.4AZ5,1N4370,M3070,1/4
M2.4AZ5,1N4370,M308,1/4
M2.4AZ5,NONE,G912,1/4
M5.1AZ1,1/4M5.1AZ1,W507,1/4
M5.1AZ1,NONE,G822,1/4
M5.1AZ1,NONE,G824,1/4
M5.1AZ1,NONE,G828,1/4
M5.1AZ1,NONE,W509,1/4
M5.1AZ1,,M564,1/4
M6.8AZ1,NONE,G103,1/4
M6.8AZ5,1N4099,A811,1/4
M6.8AZ5,1N4099,B301,1/4
M6.8AZ5,1N4099,G810,2/4
M6.8AZ5,1N4099,G828,1/4
M6.8AZ5,1N4099,G831,1/4
M6.8AZ5,1N4099,G882,1/4
M6.8AZ5,1N4099,W505,1/4
M9.1AZ5,NONE,G103,1/4
MC1520,MC1520,G589
MC1540,MC1540,G020
MC1540,MC1540,G021
MC1540,MC1540,G102
MCR649P-2,,H744
MCR649P-2,,H745
MEM556C,MEM556C,A124
MJ3000,,5409730
MM999,MM999,G219
MM999,MM999,G823
MPS6531,MPS6531,G285
MPS6531,MPS6531,G848C
MPS6531,NONE,G286
MPSA05,,G847E
MPSA05,,H744
MPSA05,,H745
MPSA55,,5409730
MPSA55,,G847E
MPSA55,,H744
MPSA55,,H745
MR1033,MR1033,G818
MR1120,MR1120,739PS
MR1337-1,NONE,G912
MR2064,1N4001,G816
MR2064,1N4001,G826
MR2064,1N4001,G847C
MR2064,1N4001,K731
MR2066,1N4003,5408124
MR2066,1N4003,M040
MR2066,1N4003,W040
NSR8117,,H744
NSR8117,,H745
SDA-11,NONE,G005,Pair
SDA-4,2N2060,1538-9
SDA-5,SDA-5,A404
SDA-5,SDA-5,A615
SDA-5,SDA-5,G590
SDA-6,2N2060,A607,Pair
SDA-6,2N2060,A704,Pair
SDA-7,SDA-7,A607
SDA-7,SDA-7,A811
SDA-7,SDA-7,G824
SDA-7,SDA-7,G912
SDA-7,,M3070
SDA-8,NONE,B130,Pair
SDA-8,NONE,B138,Pair
SDA-8,NONE,W106,Pair
SE4020,NONE,M402
U6A900959X,SN7440N,B199
U6A900959X,SN7440N,B250
U6A903059X,,B250
UA741,UA741,W507
